"team","DOY","h_ithaca_m","h_kingston_m","L_ithaca_m","L_kingston_m"
1,94,0.979,1.01,0.735,0.824
1,272,0.979,1.01,1,1.113
1,286,0.979,1.01,1.213,1.35
1,310,0.979,1.01,1.638,1.831
1,344,0.979,1.01,2.138,2.416
2,20,1.029,0.983,2.002,2.067
2,164,1.029,0.983,0.361,0.379
2,195,1.029,0.983,0.393,0.409
2,349,1.029,0.983,2.288,2.38
2,360,1.029,0.983,2.29,2.383
3,22,0.991,0.999,1.896,2.058
3,42,0.991,0.999,1.531,1.646
3,52,0.991,0.999,1.351,1.447
3,177,0.991,0.999,0.347,0.377
3,364,0.991,0.999,2.187,2.393
4,11,1.038,1.045,2.161,2.355
4,84,1.038,1.045,0.911,0.97
4,121,1.038,1.045,0.543,0.582
4,302,1.038,1.045,1.591,1.711
4,315,1.038,1.045,1.844,1.993
5,77,1.044,0.998,1.016,1.018
5,85,1.044,0.998,0.908,0.908
5,107,1.044,0.998,0.666,0.665
5,194,1.044,0.998,0.399,0.402
5,198,1.044,0.998,0.412,0.415
6,160,0.955,1.039,0.338,0.404
6,200,0.955,1.039,0.378,0.449
6,249,0.955,1.039,0.71,0.824
6,250,0.955,1.039,0.721,0.835
6,292,0.955,1.039,1.29,1.498
7,10,1.003,1.041,2.095,2.365
7,16,1.003,1.041,2.009,2.263
7,33,1.003,1.041,1.71,1.913
7,40,1.003,1.041,1.578,1.761
7,200,1.003,1.041,0.393,0.449
8,61,1.039,1.011,1.251,1.296
8,125,1.039,1.011,0.512,0.535
8,186,1.039,1.011,0.369,0.392
8,263,1.039,1.011,0.941,0.972
8,265,1.039,1.011,0.968,1
9,26,1.005,0.991,1.84,1.975
9,54,1.005,0.991,1.323,1.41
9,152,1.005,0.991,0.365,0.413
9,252,1.005,0.991,0.772,0.829
9,319,1.005,0.991,1.849,1.985
10,115,0.996,0.965,0.556,0.585
10,185,0.996,0.965,0.346,0.376
10,235,0.996,0.965,0.6,0.63
10,253,0.996,0.965,0.777,0.809
10,289,0.996,0.965,1.286,1.337
11,10,1.046,1.044,2.189,2.368
11,54,1.046,1.044,1.385,1.471
11,205,1.046,1.044,0.435,0.469
11,267,1.046,1.044,1.004,1.062
11,309,1.046,1.044,1.739,1.86
12,25,0.995,0.98,1.848,1.958
12,52,0.995,0.98,1.353,1.417
12,215,0.995,0.98,0.466,0.49
12,282,0.995,0.98,1.177,1.229
12,346,0.995,0.98,2.196,2.349
13,57,1.018,0.956,1.296,1.29
13,105,1.018,0.956,0.662,0.656
13,160,1.018,0.956,0.361,0.364
13,279,1.018,0.956,1.155,1.148
13,357,1.018,0.956,2.271,2.317
14,129,1.007,1.045,0.471,0.534
14,134,1.007,1.045,0.443,0.505
14,218,1.007,1.045,0.486,0.55
14,270,1.007,1.045,1.006,1.116
14,347,1.007,1.045,2.224,2.52
15,26,0.96,1.022,1.753,2.027
15,106,0.96,1.022,0.603,0.7
15,186,0.96,1.022,0.331,0.4
15,285,0.96,1.022,1.17,1.341
15,337,0.96,1.022,2.027,2.359
16,7,1.04,0.964,2.218,2.234
16,27,1.04,0.964,1.896,1.895
16,41,1.04,0.964,1.625,1.614
16,154,1.04,0.964,0.384,0.39
16,245,1.04,0.964,0.734,0.725
17,145,0.975,1.005,0.388,0.428
17,159,0.975,1.005,0.351,0.389
17,212,0.975,1.005,0.443,0.487
17,222,0.975,1.005,0.502,0.549
17,349,0.975,1.005,2.169,2.428
18,57,0.954,1.045,1.214,1.416
18,148,0.954,1.045,0.366,0.436
18,161,0.954,1.045,0.336,0.402
18,163,0.954,1.045,0.333,0.399
18,238,0.954,1.045,0.606,0.708
19,4,0.983,1.009,2.124,2.378
19,66,0.983,1.009,1.107,1.216
19,117,0.983,1.009,0.54,0.602
19,225,0.983,1.009,0.522,0.583
19,330,0.983,1.009,1.995,2.226
20,25,1.045,0.99,1.939,1.978
20,55,1.045,0.99,1.365,1.375
20,85,1.045,0.99,0.902,0.905
20,136,1.045,0.99,0.451,0.46
20,217,1.045,0.99,0.5,0.507
21,45,1.039,1.015,1.545,1.62
21,134,1.039,1.015,0.462,0.494
21,146,1.039,1.015,0.407,0.439
21,170,1.039,1.015,0.359,0.391
21,199,1.039,1.015,0.409,0.441
22,104,1.019,0.982,0.672,0.69
22,176,1.019,0.982,0.352,0.371
22,245,1.019,0.982,0.716,0.734
22,309,1.019,0.982,1.694,1.752
22,361,1.019,0.982,2.261,2.372
23,199,1.014,0.981,0.397,0.419
23,210,1.014,0.981,0.446,0.467
23,309,1.014,0.981,1.685,1.751
23,319,1.014,0.981,1.873,1.954
23,349,1.014,0.981,2.252,2.373
24,24,1.049,0.972,1.967,1.972
24,141,1.049,0.972,0.431,0.439
24,177,1.049,0.972,0.363,0.374
24,225,1.049,0.972,0.558,0.561
24,258,1.049,0.972,0.887,0.879
25,76,1.016,0.987,0.999,1.028
25,130,1.016,0.987,0.474,0.494
25,165,1.016,0.987,0.355,0.375
25,191,1.016,0.987,0.376,0.396
25,269,1.016,0.987,1.006,1.035
26,64,1.021,1.048,1.187,1.292
26,170,1.021,1.048,0.356,0.397
26,198,1.021,1.048,0.401,0.445
26,234,1.021,1.048,0.619,0.675
26,362,1.021,1.048,2.265,2.527
27,36,1.004,0.965,1.658,1.714
27,80,1.004,0.965,0.929,0.952
27,253,1.004,0.965,0.788,0.81
27,291,1.004,0.965,1.336,1.373
27,343,1.004,0.965,2.191,2.294
28,48,1.009,0.959,1.444,1.468
28,111,1.009,0.959,0.604,0.615
28,279,1.009,0.959,1.146,1.16
28,317,1.009,0.959,1.829,1.874
28,323,1.009,0.959,1.936,1.989
29,73,0.979,0.964,0.996,1.051
29,222,0.979,0.964,0.495,0.532
29,287,0.979,0.964,1.232,1.301
29,295,0.979,0.964,1.369,1.448
29,364,0.979,0.964,2.151,2.313
30,172,0.965,1.019,0.333,0.386
30,226,0.965,1.019,0.521,0.591
30,278,0.965,1.019,1.081,1.215
30,292,0.965,1.019,1.304,1.47
30,297,0.965,1.019,1.39,1.569
31,39,1.046,1.012,1.674,1.735
31,93,1.046,1.012,0.809,0.832
31,125,1.046,1.012,0.521,0.541
31,299,1.046,1.012,1.547,1.6
31,348,1.046,1.012,2.322,2.445
32,33,1.04,1.039,1.771,1.9
32,83,1.04,1.039,0.917,0.972
32,107,1.04,1.039,0.65,0.692
32,165,1.04,1.039,0.355,0.387
32,237,1.04,1.039,0.646,0.687
33,76,1.019,1.017,1.012,1.067
33,94,1.019,1.017,0.787,0.829
33,209,1.019,1.017,0.456,0.486
33,277,1.019,1.017,1.138,1.201
33,354,1.019,1.017,2.288,2.48
34,30,1.03,1.024,1.819,1.945
34,175,1.03,1.024,0.356,0.386
34,217,1.03,1.024,0.494,0.528
34,291,1.03,1.024,1.374,1.455
34,323,1.03,1.024,1.976,2.121
35,96,0.952,1.002,0.7,0.793
35,115,0.952,1.002,0.535,0.612
35,170,0.952,1.002,0.325,0.384
35,338,0.952,1.002,2.03,2.33
35,358,0.952,1.002,2.119,2.438
36,26,0.998,1.016,1.831,2.014
36,96,0.998,1.016,0.733,0.799
36,148,0.998,1.016,0.379,0.425
36,230,0.998,1.016,0.564,0.62
36,350,0.998,1.016,2.216,2.462
37,81,1.026,1.032,0.941,0.999
37,202,1.026,1.032,0.417,0.45
37,232,1.026,1.032,0.603,0.643
37,243,1.026,1.032,0.704,0.748
37,338,1.026,1.032,2.194,2.391
38,11,0.972,1.029,2.023,2.329
38,31,0.972,1.029,1.699,1.941
38,106,0.972,1.029,0.624,0.711
38,113,0.972,1.029,0.566,0.647
38,141,0.972,1.029,0.4,0.465
39,16,0.982,1.048,1.976,2.282
39,94,0.982,1.048,0.751,0.851
39,115,0.982,1.048,0.56,0.638
39,202,0.982,1.048,0.401,0.464
39,278,0.982,1.048,1.104,1.251
40,12,0.973,0.994,2.002,2.228
40,66,0.973,0.994,1.087,1.192
40,177,0.973,0.994,0.327,0.377
40,178,0.973,0.994,0.328,0.378
40,197,0.973,0.994,0.366,0.418
41,50,0.964,0.981,1.34,1.462
41,122,0.964,0.981,0.491,0.543
41,134,0.964,0.981,0.422,0.471
41,175,0.964,0.981,0.328,0.372
41,204,0.964,0.981,0.393,0.44
42,248,0.991,0.991,0.724,0.766
42,259,0.991,0.991,0.847,0.896
42,289,0.991,0.991,1.284,1.364
42,315,0.991,0.991,1.756,1.886
42,353,0.991,0.991,2.209,2.402
43,48,0.991,0.951,1.418,1.448
43,100,0.991,0.951,0.691,0.702
43,108,0.991,0.951,0.617,0.628
43,301,0.991,0.951,1.499,1.535
43,331,0.991,0.951,2.027,2.103
44,10,0.987,0.968,2.061,2.204
44,170,0.987,0.968,0.335,0.371
44,209,0.987,0.968,0.424,0.462
44,280,0.987,0.968,1.13,1.19
44,348,0.987,0.968,2.183,2.342
45,8,0.965,1.034,2.046,2.376
45,108,0.965,1.034,0.603,0.686
45,137,0.965,1.034,0.415,0.477
45,309,0.965,1.034,1.606,1.844
45,315,0.965,1.034,1.714,1.973
46,29,0.964,0.973,1.723,1.874
46,114,0.964,0.973,0.556,0.602
46,261,0.964,0.973,0.854,0.918
46,306,0.964,0.973,1.552,1.681
46,326,0.964,0.973,1.901,2.076
47,73,0.973,0.974,0.996,1.069
47,74,0.973,0.974,0.982,1.054
47,262,0.973,0.974,0.871,0.936
47,267,0.973,0.974,0.935,1.004
47,282,0.973,0.974,1.151,1.235
48,184,0.997,0.958,0.355,0.378
48,204,0.997,0.958,0.413,0.435
48,211,0.997,0.958,0.446,0.468
48,219,0.997,0.958,0.492,0.514
48,224,0.997,0.958,0.526,0.547
49,67,0.977,0.975,1.085,1.151
49,119,0.977,0.975,0.522,0.559
49,155,0.977,0.975,0.355,0.387
49,344,0.977,0.975,2.14,2.324
49,352,0.977,0.975,2.178,2.367
50,36,1.036,1.023,1.721,1.818
50,55,1.036,1.023,1.362,1.428
50,110,1.036,1.023,0.636,0.665
50,134,1.036,1.023,0.467,0.493
50,240,1.036,1.023,0.686,0.717
51,10,0.955,1.035,1.995,2.351
51,120,0.955,1.035,0.5,0.587
51,153,0.955,1.035,0.348,0.417
51,304,0.955,1.035,1.494,1.739
51,350,0.955,1.035,2.121,2.508
52,100,0.994,1,0.686,0.746
52,105,0.994,1,0.638,0.696
52,180,0.994,1,0.338,0.385
52,278,0.994,1,1.105,1.193
52,281,0.994,1,1.152,1.244
53,24,1.03,0.989,1.932,2.007
53,47,1.03,0.989,1.493,1.538
53,167,1.03,0.989,0.357,0.382
53,191,1.03,0.989,0.38,0.404
53,241,1.03,0.989,0.685,0.707
54,37,0.962,0.975,1.573,1.715
54,54,0.962,0.975,1.275,1.382
54,174,0.962,0.975,0.332,0.374
54,207,0.962,0.975,0.411,0.455
54,303,0.962,0.975,1.492,1.624
55,19,1.006,0.961,1.969,2.035
55,37,1.006,0.961,1.642,1.684
55,103,1.006,0.961,0.67,0.684
55,159,1.006,0.961,0.356,0.373
55,200,1.006,0.961,0.396,0.413
56,48,0.971,0.989,1.388,1.522
56,139,0.971,0.989,0.406,0.46
56,188,0.971,0.989,0.349,0.401
56,244,0.971,0.989,0.672,0.74
56,299,0.971,0.989,1.432,1.572
57,57,0.963,1.007,1.225,1.37
57,158,0.963,1.007,0.344,0.398
57,189,0.963,1.007,0.349,0.404
57,311,0.963,1.007,1.636,1.843
57,364,0.963,1.007,2.12,2.418
58,38,1.025,0.972,1.651,1.687
58,84,1.025,0.972,0.893,0.908
58,174,1.025,0.972,0.348,0.37
58,319,1.025,0.972,1.889,1.94
58,334,1.025,0.972,2.134,2.204
59,120,1.04,0.994,0.557,0.564
59,130,1.04,0.994,0.49,0.499
59,200,1.04,0.994,0.419,0.429
59,326,1.04,0.994,2.054,2.116
59,331,1.04,0.994,2.134,2.204
60,21,0.987,0.972,1.907,2.021
60,72,0.987,0.972,1.029,1.07
60,87,0.987,0.972,0.834,0.865
60,199,0.987,0.972,0.393,0.413
60,315,0.987,0.972,1.757,1.855
61,55,1.017,1,1.325,1.392
61,81,1.017,1,0.926,0.97
61,134,1.017,1,0.447,0.478
61,165,1.017,1,0.35,0.38
61,202,1.017,1,0.407,0.437
62,6,0.959,0.985,2.046,2.291
62,128,0.959,0.985,0.45,0.505
62,156,0.959,0.985,0.34,0.389
62,244,0.959,0.985,0.657,0.726
62,288,0.959,0.985,1.222,1.344
63,49,0.988,1.015,1.405,1.532
63,193,0.988,1.015,0.379,0.414
63,227,0.988,1.015,0.55,0.596
63,239,0.988,1.015,0.647,0.7
63,340,0.988,1.015,2.141,2.381
64,112,0.977,0.987,0.583,0.625
64,148,0.977,0.987,0.382,0.416
64,190,0.977,0.987,0.364,0.397
64,197,0.977,0.987,0.384,0.417
64,303,0.977,0.987,1.522,1.641
65,10,1.031,0.986,2.157,2.244
65,115,1.031,0.986,0.582,0.601
65,119,1.031,0.986,0.551,0.57
65,191,1.031,0.986,0.378,0.4
65,363,1.031,0.986,2.276,2.374
66,59,0.995,1.003,1.229,1.332
66,61,0.995,1.003,1.197,1.296
66,108,0.995,1.003,0.616,0.675
66,292,0.995,1.003,1.34,1.453
66,305,0.995,1.003,1.576,1.714
67,23,1.031,1.024,1.945,2.097
67,88,1.031,1.024,0.848,0.907
67,115,1.031,1.024,0.578,0.626
67,132,1.031,1.024,0.462,0.508
67,186,1.031,1.024,0.363,0.406
68,178,1.031,0.972,0.359,0.372
68,203,1.031,0.972,0.422,0.433
68,246,1.031,0.972,0.736,0.74
68,251,1.031,0.972,0.79,0.794
68,363,1.031,0.972,2.279,2.34
69,33,1.029,0.991,1.763,1.818
69,48,1.029,0.991,1.476,1.512
69,131,1.029,0.991,0.476,0.489
69,162,1.029,0.991,0.365,0.379
69,251,1.029,0.991,0.791,0.805
70,64,0.994,0.977,1.146,1.205
70,78,0.994,0.977,0.942,0.991
70,168,0.994,0.977,0.337,0.371
70,276,0.994,0.977,1.077,1.132
70,322,0.994,0.977,1.883,2.005
71,95,1.025,1.013,0.774,0.813
71,153,1.025,1.013,0.385,0.414
71,199,1.025,1.013,0.409,0.438
71,221,1.025,1.013,0.523,0.555
71,342,1.025,1.013,2.236,2.402
72,108,1.013,0.968,0.643,0.641
72,161,1.013,0.968,0.369,0.371
72,181,1.013,0.968,0.365,0.368
72,184,1.013,0.968,0.37,0.372
72,242,1.013,0.968,0.694,0.692
73,24,1.021,1.036,1.915,2.113
73,224,1.021,1.036,0.537,0.601
73,229,1.021,1.036,0.574,0.641
73,302,1.021,1.036,1.564,1.716
73,316,1.021,1.036,1.832,2.018
74,23,0.95,1.025,1.798,2.1
74,171,0.95,1.025,0.327,0.394
74,187,0.95,1.025,0.341,0.409
74,218,0.95,1.025,0.461,0.542
74,273,0.95,1.025,0.993,1.145
75,79,0.998,1.017,0.943,1.026
75,136,0.998,1.017,0.436,0.487
75,164,0.998,1.017,0.352,0.399
75,237,0.998,1.017,0.631,0.692
75,301,0.998,1.017,1.514,1.657
76,67,0.972,1.012,1.081,1.205
76,209,0.972,1.012,0.424,0.485
76,218,0.972,1.012,0.472,0.537
76,284,0.972,1.012,1.181,1.317
76,295,0.972,1.012,1.365,1.525
77,87,0.988,0.987,0.821,0.879
77,138,0.988,0.987,0.41,0.451
77,181,0.988,0.987,0.337,0.376
77,358,0.988,0.987,2.194,2.395
77,363,0.988,0.987,2.174,2.371
78,41,1.011,1.003,1.577,1.675
78,129,1.011,1.003,0.476,0.508
78,232,1.011,1.003,0.592,0.627
78,334,1.011,1.003,2.111,2.27
78,336,1.011,1.003,2.136,2.299
79,41,0.985,1.037,1.537,1.726
79,127,0.985,1.037,0.476,0.532
79,218,0.985,1.037,0.479,0.536
79,264,0.985,1.037,0.908,1.008
79,328,0.985,1.037,1.971,2.239
80,52,0.961,1.008,1.309,1.462
80,67,0.961,1.008,1.071,1.191
80,185,0.961,1.008,0.344,0.392
80,201,0.961,1.008,0.387,0.438
80,225,0.961,1.008,0.514,0.575
81,20,0.974,1.034,1.891,2.173
81,29,0.974,1.034,1.735,1.987
81,65,0.974,1.034,1.111,1.258
81,168,0.974,1.034,0.334,0.393
81,258,0.974,1.034,0.821,0.931
82,80,1.017,0.981,0.94,0.96
82,124,1.017,0.981,0.507,0.522
82,206,1.017,0.981,0.426,0.441
82,228,1.017,0.981,0.561,0.576
82,263,1.017,0.981,0.92,0.94
83,45,0.992,1.021,1.477,1.624
83,91,0.992,1.021,0.79,0.863
83,141,0.992,1.021,0.41,0.457
83,281,0.992,1.021,1.16,1.269
83,332,0.992,1.021,2.046,2.282
84,8,1.029,0.977,2.165,2.255
84,94,1.029,0.977,0.767,0.797
84,127,1.029,0.977,0.481,0.515
84,138,1.029,0.977,0.421,0.456
84,268,1.029,0.977,0.987,1.019
85,83,0.96,1.009,0.85,0.956
85,167,0.96,1.009,0.329,0.386
85,235,0.96,1.009,0.582,0.661
85,271,0.96,1.009,0.972,1.092
85,327,0.96,1.009,1.902,2.169
86,71,0.993,0.998,1.046,1.113
86,87,0.993,0.998,0.835,0.887
86,122,0.993,0.998,0.513,0.549
86,255,0.993,0.998,0.806,0.857
86,260,0.993,0.998,0.866,0.92
87,67,1.048,0.977,1.158,1.165
87,81,1.048,0.977,0.951,0.959
87,238,1.048,0.977,0.66,0.673
87,264,1.048,0.977,0.958,0.965
87,270,1.048,0.977,1.043,1.05
88,46,1.039,1.006,1.534,1.583
88,116,1.039,1.006,0.589,0.606
88,134,1.039,1.006,0.47,0.487
88,137,1.039,1.006,0.455,0.472
88,161,1.039,1.006,0.376,0.394
89,19,1.039,1.041,2.037,2.209
89,64,1.039,1.041,1.205,1.286
89,98,1.039,1.041,0.747,0.799
89,129,1.039,1.041,0.49,0.531
89,229,1.039,1.041,0.584,0.629
90,90,0.968,1.04,0.781,0.89
90,180,0.968,1.04,0.339,0.398
90,220,0.968,1.04,0.484,0.558
90,222,0.968,1.04,0.497,0.572
90,324,0.968,1.04,1.875,2.175
91,122,0.963,0.977,0.501,0.546
91,231,0.963,0.977,0.561,0.609
91,275,0.963,0.977,1.04,1.121
91,291,0.963,0.977,1.289,1.394
91,331,0.963,0.977,1.975,2.171
92,49,1.015,0.982,1.431,1.484
92,169,1.015,0.982,0.347,0.374
92,197,1.015,0.982,0.389,0.415
92,217,1.015,0.982,0.484,0.51
92,317,1.015,0.982,1.836,1.919
93,2,0.984,1.049,2.146,2.49
93,69,0.984,1.049,1.065,1.209
93,76,0.984,1.049,0.966,1.096
93,320,0.984,1.049,1.836,2.114
93,341,0.984,1.049,2.132,2.474
94,106,1.016,1.012,0.656,0.692
94,111,1.016,1.012,0.612,0.646
94,260,1.016,1.012,0.889,0.935
94,274,1.016,1.012,1.082,1.139
94,343,1.016,1.012,2.224,2.404
95,11,0.982,1.044,2.046,2.359
95,72,0.982,1.044,1.022,1.154
95,207,0.982,1.044,0.421,0.485
95,229,0.982,1.044,0.555,0.631
95,335,0.982,1.044,2.065,2.382
96,56,0.969,0.997,1.25,1.378
96,89,0.969,0.997,0.791,0.872
96,106,0.969,0.997,0.621,0.689
96,207,0.969,0.997,0.413,0.467
96,271,0.969,0.997,0.984,1.083
97,68,1.028,0.991,1.128,1.152
97,120,1.028,0.991,0.544,0.559
97,232,1.028,0.991,0.602,0.617
97,263,1.028,0.991,0.934,0.952
97,292,1.028,0.991,1.389,1.424
98,53,0.959,1.016,1.28,1.454
98,230,0.959,1.016,0.54,0.62
98,280,0.959,1.016,1.097,1.244
98,324,0.959,1.016,1.849,2.125
98,357,0.959,1.016,2.134,2.47
99,11,0.997,0.965,2.071,2.173
99,74,0.997,0.965,1.002,1.03
99,256,0.997,0.965,0.816,0.839
99,323,0.997,0.965,1.909,1.995
99,349,0.997,0.965,2.211,2.33
100,11,1.001,1.007,2.079,2.265
100,74,1.001,1.007,1.007,1.073
100,88,1.001,1.007,0.825,0.879
100,243,1.001,1.007,0.681,0.726
100,345,1.001,1.007,2.198,2.403
